nsize	lsize	n	add	get	del
4	4	1	12.670	0.600	9.910
4	4	2	10.220	3.760	16.180
4	4	3	96.432	47.311	115.663
4	4	4	1160.024	660.904	1397.709
4	4	5	12654.983	8372.726	17226.660
4	6	1	11.970	0.390	7.780
4	6	2	9.750	3.931	11.260
4	6	3	77.072	45.891	88.251
4	6	4	948.239	621.553	1113.403
4	6	5	12065.491	8194.271	14911.802
4	8	1	10.410	0.450	6.960
4	8	2	10.030	3.870	11.340
4	8	3	86.022	49.941	101.302
4	8	4	1058.812	658.423	1315.328
4	8	5	13226.656	8702.791	15321.511
4	12	1	5.930	0.280	3.330
4	12	2	10.680	3.430	11.201
4	12	3	76.931	44.931	80.552
4	12	4	1073.682	583.722	1026.532
4	12	5	13135.265	8452.456	15244.039
4	16	1	7.810	0.240	3.610
4	16	2	10.411	3.350	10.830
4	16	3	76.232	44.811	77.041
4	16	4	942.220	579.262	997.181
4	16	5	13169.355	8935.856	14606.096
4	24	1	7.350	0.280	3.141
4	24	2	11.150	3.550	10.890
4	24	3	79.162	45.591	85.462
4	24	4	973.390	626.343	1076.233
4	24	5	13657.676	9344.185	15264.700
4	32	1	7.800	0.250	3.440
4	32	2	10.600	3.110	10.440
4	32	3	81.152	44.731	81.862
4	32	4	943.910	591.042	1030.791
4	32	5	12717.956	9464.378	13957.821
4	48	1	6.090	0.250	3.230
4	48	2	11.800	3.210	10.611
4	48	3	85.302	44.350	87.932
4	48	4	930.409	592.062	996.701
4	48	5	14256.228	9831.454	15461.964
4	64	1	6.581	0.270	3.100
4	64	2	11.380	3.230	11.230
4	64	3	77.961	43.151	75.822
4	64	4	964.790	579.432	998.501
4	64	5	12643.904	8844.794	12711.565
4	96	1	7.250	0.230	3.330
4	96	2	10.940	3.130	10.390
4	96	3	84.892	42.430	86.482
4	96	4	980.101	612.683	1027.901
4	96	5	13974.383	8928.687	14653.615
4	128	1	6.840	0.260	3.210
4	128	2	8.210	2.871	7.190
4	128	3	80.892	46.081	78.031
4	128	4	1020.461	573.352	976.071
4	128	5	13436.881	9015.219	12839.328
4	192	1	7.440	0.250	2.730
4	192	2	6.491	2.870	5.660
4	192	3	89.022	43.091	86.122
4	192	4	963.780	567.262	904.589
4	192	5	13289.008	8590.060	13068.482
4	256	1	6.930	0.240	1.720
4	256	2	6.930	2.970	5.581
4	256	3	77.551	40.861	71.282
4	256	4	967.940	591.203	917.909
4	256	5	13107.063	8546.509	12328.067
4	384	1	5.340	0.250	2.180
4	384	2	7.330	2.910	5.840
4	384	3	79.951	40.841	76.422
4	384	4	952.180	606.262	884.909
4	384	5	13773.468	8360.364	13030.603
4	512	1	4.490	0.271	2.020
4	512	2	7.330	3.050	5.730
4	512	3	78.302	40.011	72.311
4	512	4	1018.372	578.942	940.169
4	512	5	13818.219	8167.641	13143.055
6	4	1	5.921	0.270	3.910
6	4	2	11.220	3.280	10.890
6	4	3	88.751	45.531	109.543
6	4	4	1074.572	621.023	1487.891
6	4	5	13979.632	8662.672	19211.660
6	6	1	11.910	0.310	3.960
6	6	2	8.440	3.441	8.610
6	6	3	76.802	42.760	88.392
6	6	4	954.221	603.592	1181.294
6	6	5	14139.525	10576.650	16441.834
6	8	1	10.801	0.320	6.910
6	8	2	10.820	3.390	10.961
6	8	3	89.272	44.141	101.012
6	8	4	1074.682	600.773	1378.158
6	8	5	13694.936	8044.229	16504.674
6	12	1	7.210	0.260	3.481
6	12	2	10.480	3.210	11.940
6	12	3	78.711	42.651	85.042
6	12	4	937.110	576.202	1080.342
6	12	5	12708.555	8620.480	14803.749
6	16	1	6.651	0.270	3.220
6	16	2	9.980	3.390	10.430
6	16	3	70.641	42.591	72.391
6	16	4	873.798	584.942	1001.171
6	16	5	11868.709	8289.104	13325.067
6	24	1	6.050	0.250	3.550
6	24	2	10.000	3.080	10.781
6	24	3	77.461	43.451	83.152
6	24	4	895.929	569.292	1007.731
6	24	5	12412.779	8857.034	13906.851
6	32	1	5.140	0.280	3.030
6	32	2	9.930	3.100	11.121
6	32	3	69.391	41.191	74.712
6	32	4	889.688	575.412	962.501
6	32	5	11756.766	8977.008	13047.692
6	48	1	5.320	0.240	3.120
6	48	2	10.430	3.160	10.901
6	48	3	80.602	44.900	88.512
6	48	4	901.558	578.952	964.210
6	48	5	12026.891	8451.098	13833.398
6	64	1	6.060	0.260	3.181
6	64	2	10.190	3.110	10.850
6	64	3	72.882	42.571	71.851
6	64	4	931.119	562.412	975.880
6	64	5	12012.792	9034.849	12676.635
6	96	1	5.880	0.260	3.200
6	96	2	10.920	3.190	13.951
6	96	3	83.342	43.111	89.151
6	96	4	939.609	572.812	953.870
6	96	5	12901.229	8672.081	14205.906
6	128	1	6.990	0.260	3.080
6	128	2	7.840	2.970	6.990
6	128	3	80.071	42.821	76.882
6	128	4	954.220	553.611	972.391
6	128	5	12451.311	8472.847	12348.259
6	192	1	5.000	0.270	2.510
6	192	2	7.160	2.891	5.830
6	192	3	80.952	45.021	76.441
6	192	4	920.820	575.442	870.958
6	192	5	12627.124	8596.720	12862.540
6	256	1	5.010	0.250	1.880
6	256	2	7.631	3.000	5.660
6	256	3	76.342	39.560	79.532
6	256	4	940.460	566.531	895.139
6	256	5	12318.337	8319.845	11894.038
6	384	1	8.280	2.300	2.170
6	384	2	7.430	2.980	5.750
6	384	3	78.192	40.261	74.241
6	384	4	968.620	587.913	868.528
6	384	5	13188.556	8036.778	12570.503
6	512	1	5.070	0.260	1.970
6	512	2	7.411	2.820	5.900
6	512	3	78.632	40.580	72.682
6	512	4	1000.411	591.052	912.759
6	512	5	13554.503	7796.874	12535.531
8	4	1	5.751	0.280	3.790
8	4	2	10.380	3.120	10.860
8	4	3	81.821	45.071	104.362
8	4	4	1020.781	599.242	1369.239
8	4	5	12752.587	8329.005	16992.016
8	6	1	7.081	0.260	3.630
8	6	2	8.170	3.340	8.130
8	6	3	83.512	48.651	103.942
8	6	4	941.189	597.893	1151.514
8	6	5	11892.898	8477.588	14624.626
8	8	1	9.140	0.310	6.270
8	8	2	10.051	3.080	10.230
8	8	3	85.212	43.371	121.252
8	8	4	1012.381	595.482	1259.376
8	8	5	12594.043	8206.432	15725.278
8	12	1	7.500	0.300	3.390
8	12	2	10.590	3.300	11.050
8	12	3	77.832	42.631	80.122
8	12	4	879.958	554.562	1058.552
8	12	5	11873.729	8305.974	14263.527
8	16	1	6.851	0.250	3.230
8	16	2	9.720	3.140	10.370
8	16	3	65.731	45.481	80.421
8	16	4	831.947	545.432	954.689
8	16	5	11129.933	8217.771	12886.939
8	24	1	6.431	0.280	3.020
8	24	2	10.000	3.050	10.680
8	24	3	72.681	43.681	82.382
8	24	4	859.028	573.702	1001.121
8	24	5	11688.935	8544.729	13436.221
8	32	1	6.030	0.250	3.050
8	32	2	9.940	3.140	10.580
8	32	3	70.242	42.991	76.361
8	32	4	843.917	570.732	950.680
8	32	5	11300.097	8612.609	12710.905
8	48	1	5.470	0.260	3.240
8	48	2	11.020	3.180	13.791
8	48	3	76.871	45.541	85.722
8	48	4	871.219	562.211	927.440
8	48	5	11920.988	8164.071	13355.988
8	64	1	5.511	0.280	3.040
8	64	2	10.340	3.160	13.400
8	64	3	70.741	40.371	73.461
8	64	4	883.528	549.592	934.789
8	64	5	11328.377	8405.416	12200.814
8	96	1	6.760	0.260	3.100
8	96	2	10.420	3.150	10.500
8	96	3	85.451	42.671	87.312
8	96	4	923.280	557.661	952.540
8	96	5	12728.307	8404.186	13874.590
8	128	1	6.321	0.250	3.220
8	128	2	8.670	2.760	6.960
8	128	3	76.752	42.351	77.542
8	128	4	944.439	561.232	972.580
8	128	5	12085.563	8358.564	12178.915
8	192	1	5.820	0.250	1.971
8	192	2	7.550	2.850	5.600
8	192	3	79.682	42.321	74.611
8	192	4	968.620	589.262	869.108
8	192	5	12638.064	8253.492	12726.105
8	256	1	4.900	0.250	1.810
8	256	2	6.960	2.780	5.730
8	256	3	76.871	39.441	71.051
8	256	4	929.979	566.772	893.448
8	256	5	11943.040	8040.607	11783.217
8	384	1	5.320	0.230	2.000
8	384	2	7.330	2.940	5.800
8	384	3	80.132	40.311	75.581
8	384	4	914.210	626.313	853.427
8	384	5	12852.299	7982.196	12386.118
8	512	1	5.360	0.260	2.010
8	512	2	7.690	2.980	5.680
8	512	3	78.621	39.641	72.052
8	512	4	988.950	589.893	905.558
8	512	5	13117.374	7722.312	12387.680
12	4	1	8.550	0.260	7.350
12	4	2	9.791	3.220	10.380
12	4	3	87.942	41.781	105.692
12	4	4	1007.871	567.072	1337.958
12	4	5	12340.938	8107.738	16004.734
12	6	1	9.220	0.250	6.790
12	6	2	10.661	3.070	10.560
12	6	3	73.212	38.850	80.762
12	6	4	897.539	573.222	1112.843
12	6	5	11248.955	8137.620	14258.568
12	8	1	6.931	0.300	3.680
12	8	2	9.650	3.290	11.110
12	8	3	81.871	43.491	95.582
12	8	4	1007.080	600.613	1259.826
12	8	5	12910.250	8636.280	15794.520
12	12	1	6.300	0.290	3.320
12	12	2	7.600	3.410	8.540
12	12	3	79.692	42.761	81.041
12	12	4	883.898	625.423	1021.341
12	12	5	12655.645	8928.137	14246.968
12	16	1	5.930	0.240	3.140
12	16	2	8.191	3.120	7.910
12	16	3	66.831	40.091	76.652
12	16	4	828.947	550.672	914.069
12	16	5	11769.807	8517.768	12982.991
12	24	1	6.350	0.280	3.140
12	24	2	10.731	2.950	14.970
12	24	3	76.792	40.781	82.121
12	24	4	874.638	554.292	966.100
12	24	5	11595.482	8506.548	13145.935
12	32	1	6.070	0.280	3.050
12	32	2	10.610	3.210	11.091
12	32	3	71.581	41.421	73.722
12	32	4	862.748	554.912	1028.541
12	32	5	11395.528	8411.655	12494.102
12	48	1	6.560	0.270	3.350
12	48	2	10.430	3.330	10.590
12	48	3	77.402	41.491	86.522
12	48	4	861.358	547.081	933.150
12	48	5	11869.407	8148.690	13631.854
12	64	1	7.060	0.270	3.870
12	64	2	11.091	3.080	10.300
12	64	3	71.282	40.841	74.911
12	64	4	883.479	586.932	939.700
12	64	5	11070.561	8272.233	11938.899
12	96	1	8.720	0.240	3.110
12	96	2	10.210	3.210	10.320
12	96	3	81.742	43.591	88.122
12	96	4	921.439	551.492	940.120
12	96	5	12917.489	8281.953	13744.847
12	128	1	5.480	0.250	3.170
12	128	2	9.140	2.840	7.381
12	128	3	78.881	40.641	76.012
12	128	4	952.860	555.601	941.740
12	128	5	12132.794	8476.718	11876.599
12	192	1	4.930	0.260	1.790
12	192	2	7.061	2.930	5.710
12	192	3	79.512	40.740	75.902
12	192	4	926.319	553.582	862.878
12	192	5	12146.884	8132.811	12351.059
12	256	1	4.370	0.230	1.790
12	256	2	6.811	2.870	5.660
12	256	3	76.792	40.000	71.362
12	256	4	902.039	576.162	895.398
12	256	5	11900.519	7869.665	11503.141
12	384	1	5.680	0.230	2.050
12	384	2	7.651	2.840	5.750
12	384	3	81.742	40.371	75.851
12	384	4	931.250	561.371	873.008
12	384	5	13227.267	7978.856	12469.631
12	512	1	4.871	0.270	2.000
12	512	2	7.950	2.910	5.840
12	512	3	80.892	39.411	71.141
12	512	4	993.510	558.062	910.469
12	512	5	13416.041	9323.824	12228.686
16	4	1	10.620	0.250	6.641
16	4	2	9.780	3.180	10.450
16	4	3	80.841	41.731	101.082
16	4	4	1060.743	568.381	1273.977
16	4	5	11475.950	7698.110	15168.797
16	6	1	8.140	0.260	6.390
16	6	2	9.360	3.411	9.820
16	6	3	72.631	40.971	82.242
16	6	4	848.318	570.652	1087.042
16	6	5	11032.891	7619.668	12989.722
16	8	1	6.320	0.300	3.451
16	8	2	9.270	3.120	10.360
16	8	3	78.102	44.421	96.172
16	8	4	959.810	575.522	1243.386
16	8	5	11963.670	8134.609	15324.351
16	12	1	5.730	0.290	3.090
16	12	2	7.490	3.280	10.980
16	12	3	67.002	40.950	74.222
16	12	4	834.488	569.441	963.410
16	12	5	11329.807	8396.756	13677.065
16	16	1	5.590	0.260	3.050
16	16	2	7.940	3.120	7.621
16	16	3	66.481	40.161	73.892
16	16	4	775.086	536.521	870.338
16	16	5	10773.914	7988.147	12383.419
16	24	1	5.260	0.290	3.190
16	24	2	10.801	3.080	10.560
16	24	3	71.072	44.090	80.672
16	24	4	830.118	550.231	963.320
16	24	5	11117.572	8169.190	12986.521
16	32	1	9.360	0.270	3.271
16	32	2	10.650	3.120	11.100
16	32	3	68.771	41.691	74.511
16	32	4	812.086	534.781	958.771
16	32	5	10521.159	8191.131	12120.424
16	48	1	5.860	0.270	3.330
16	48	2	10.280	3.190	10.800
16	48	3	78.052	42.421	89.002
16	48	4	834.727	566.042	904.619
16	48	5	11051.062	7965.537	12960.940
16	64	1	6.481	0.260	3.370
16	64	2	10.510	3.090	10.380
16	64	3	72.741	41.001	73.361
16	64	4	904.209	549.411	908.629
16	64	5	10945.479	8355.765	11680.185
16	96	1	6.451	0.240	3.310
16	96	2	11.190	3.170	10.760
16	96	3	81.991	42.771	87.782
16	96	4	886.599	547.481	948.290
16	96	5	12181.744	8012.567	13471.271
16	128	1	6.271	0.250	3.490
16	128	2	8.110	2.880	7.050
16	128	3	79.242	41.541	76.601
16	128	4	911.079	548.091	932.300
16	128	5	11510.301	8064.329	11767.126
16	192	1	4.990	0.240	1.690
16	192	2	7.290	2.740	5.700
16	192	3	81.562	41.391	75.382
16	192	4	898.149	541.641	859.108
16	192	5	12560.803	8055.618	12262.376
16	256	1	4.530	0.250	1.850
16	256	2	7.340	2.900	5.651
16	256	3	79.321	43.281	70.452
16	256	4	927.069	557.552	871.358
16	256	5	12052.621	7890.035	11296.547
16	384	1	5.490	0.250	1.960
16	384	2	7.710	2.820	5.831
16	384	3	80.682	41.150	75.932
16	384	4	916.679	556.982	877.998
16	384	5	12916.610	7948.706	12263.747
16	512	1	4.850	0.280	1.861
16	512	2	8.390	2.930	5.740
16	512	3	79.662	39.481	71.381
16	512	4	960.400	571.871	903.229
16	512	5	13014.752	7887.784	12252.406
24	4	1	8.310	0.270	7.040
24	4	2	9.250	3.210	10.430
24	4	3	86.662	42.271	106.192
24	4	4	976.401	564.751	1322.118
24	4	5	11944.790	7575.948	15279.970
24	6	1	8.040	0.260	9.930
24	6	2	9.520	3.180	11.590
24	6	3	69.072	39.811	80.071
24	6	4	855.788	565.832	1067.182
24	6	5	10548.721	7988.096	13160.255
24	8	1	8.060	0.310	6.130
24	8	2	9.590	3.140	9.970
24	8	3	77.512	41.681	92.652
24	8	4	968.880	577.942	1200.006
24	8	5	11770.146	8088.819	14630.666
24	12	1	8.630	0.290	3.361
24	12	2	10.340	3.170	10.720
24	12	3	73.911	41.981	77.062
24	12	4	825.337	584.642	967.761
24	12	5	10944.608	8113.520	13180.186
24	16	1	5.740	0.250	3.190
24	16	2	9.910	3.140	10.880
24	16	3	64.232	44.241	74.891
24	16	4	781.356	574.003	904.848
24	16	5	10616.901	8180.260	12141.675
24	24	1	5.921	3.360	3.120
24	24	2	7.810	3.060	7.810
24	24	3	76.522	42.781	79.752
24	24	4	858.808	554.891	959.131
24	24	5	11308.347	8184.800	12647.135
24	32	1	6.310	0.260	3.560
24	32	2	8.170	3.110	8.281
24	32	3	70.531	41.251	69.481
24	32	4	832.257	541.701	910.439
24	32	5	10881.167	8284.153	12006.860
24	48	1	4.970	0.250	3.180
24	48	2	11.060	3.260	11.520
24	48	3	75.812	40.351	83.721
24	48	4	807.036	521.421	910.839
24	48	5	11036.921	7955.966	12820.897
24	64	1	6.220	0.280	3.331
24	64	2	11.650	3.070	10.780
24	64	3	70.871	39.381	69.601
24	64	4	876.679	559.482	931.079
24	64	5	10783.315	8393.945	11592.603
24	96	1	6.130	0.240	3.170
24	96	2	10.231	3.100	10.670
24	96	3	83.052	41.861	111.432
24	96	4	912.809	540.042	931.449
24	96	5	12441.610	8106.290	13337.499
24	128	1	5.890	0.240	3.360
24	128	2	7.711	2.790	7.010
24	128	3	80.052	40.680	74.622
24	128	4	948.190	542.991	954.520
24	128	5	11758.887	8113.589	11781.995
24	192	1	5.310	0.230	1.810
24	192	2	8.760	2.840	5.700
24	192	3	86.571	41.051	80.602
24	192	4	926.090	554.041	865.368
24	192	5	12904.730	8117.379	12300.446
24	256	1	5.501	0.250	2.060
24	256	2	8.030	2.900	5.980
24	256	3	78.762	39.591	71.421
24	256	4	928.189	565.782	886.628
24	256	5	12016.200	7857.705	11351.486
24	384	1	5.360	0.240	2.020
24	384	2	9.020	2.830	5.830
24	384	3	82.611	39.161	75.672
24	384	4	912.089	565.562	858.018
24	384	5	12874.108	7969.617	12160.644
24	512	1	5.491	0.280	1.940
24	512	2	7.240	2.920	5.830
24	512	3	79.842	39.241	75.141
24	512	4	992.660	562.932	891.529
24	512	5	13129.305	7519.376	12085.482
32	4	1	8.260	0.270	6.880
32	4	2	9.140	3.030	10.031
32	4	3	83.062	41.451	106.242
32	4	4	949.280	555.001	1203.705
32	4	5	11577.392	7939.356	14709.427
32	6	1	11.231	0.270	6.820
32	6	2	10.050	2.950	10.010
32	6	3	69.681	39.231	79.392
32	6	4	889.499	563.261	1049.002
32	6	5	10544.261	7907.795	12734.676
32	8	1	8.611	0.300	7.230
32	8	2	9.270	2.990	9.850
32	8	3	86.692	42.560	94.352
32	8	4	953.990	572.381	1209.366
32	8	5	11457.890	8186.321	14233.156
32	12	1	6.010	0.280	3.060
32	12	2	9.260	3.260	10.601
32	12	3	69.751	43.221	76.652
32	12	4	819.177	584.932	958.450
32	12	5	10670.304	8502.247	12981.542
32	16	1	5.890	0.240	3.190
32	16	2	9.370	2.950	10.730
32	16	3	65.811	39.821	75.311
32	16	4	762.916	541.831	880.598
32	16	5	10112.040	7671.710	11886.318
32	24	1	5.190	0.260	3.220
32	24	2	8.890	3.191	7.740
32	24	3	74.071	40.921	80.502
32	24	4	853.238	558.452	965.450
32	24	5	11278.556	8157.430	12610.624
32	32	1	6.080	0.260	3.201
32	32	2	8.660	3.060	7.550
32	32	3	66.142	40.801	69.261
32	32	4	803.117	527.231	917.339
32	32	5	10526.761	8108.290	12248.306
32	48	1	6.580	0.240	4.170
32	48	2	10.951	3.080	10.680
32	48	3	72.732	41.481	81.781
32	48	4	804.057	524.521	892.809
32	48	5	10912.049	7912.764	12648.064
32	64	1	6.220	0.280	3.470
32	64	2	11.070	3.140	10.381
32	64	3	70.241	40.401	72.162
32	64	4	862.168	560.671	940.940
32	64	5	10775.086	8548.719	11626.403
32	96	1	6.320	0.240	3.140
32	96	2	11.391	3.170	10.170
32	96	3	82.212	42.381	87.032
32	96	4	894.918	546.612	904.459
32	96	5	11963.449	8035.878	13112.844
32	128	1	5.770	0.220	3.270
32	128	2	8.370	2.910	7.141
32	128	3	137.473	41.020	74.872
32	128	4	941.970	549.781	942.860
32	128	5	11714.795	7944.937	11766.666
32	192	1	6.130	0.220	1.870
32	192	2	8.440	2.860	5.660
32	192	3	83.281	41.241	73.462
32	192	4	909.249	556.741	862.488
32	192	5	12622.493	8053.618	11955.560
32	256	1	5.750	0.260	1.841
32	256	2	9.610	2.970	5.800
32	256	3	77.972	39.681	74.941
32	256	4	969.170	551.971	881.658
32	256	5	12071.022	7759.711	11364.537
32	384	1	8.310	0.250	2.050
32	384	2	7.590	2.850	5.890
32	384	3	80.841	39.541	74.282
32	384	4	912.369	553.121	836.338
32	384	5	12758.747	7671.220	11893.749
32	512	1	4.860	0.260	1.960
32	512	2	8.230	2.980	5.910
32	512	3	79.242	39.691	71.601
32	512	4	995.221	565.942	893.348
32	512	5	13022.441	7687.300	12015.012
48	4	1	7.270	0.260	6.341
48	4	2	9.240	2.950	10.580
48	4	3	85.511	41.301	105.402
48	4	4	969.580	589.602	1240.606
48	4	5	11453.619	7744.521	14681.147
48	6	1	8.600	0.260	7.610
48	6	2	9.991	3.010	9.950
48	6	3	72.472	40.000	78.042
48	6	4	857.808	566.232	1061.882
48	6	5	10376.678	7541.067	12484.351
48	8	1	8.571	0.290	6.320
48	8	2	9.760	2.910	17.551
48	8	3	80.472	41.720	91.362
48	8	4	972.790	566.211	1166.445
48	8	5	11686.585	7837.173	14273.148
48	12	1	6.040	0.300	3.220
48	12	2	10.000	3.220	11.800
48	12	3	72.892	43.361	80.621
48	12	4	819.817	563.191	956.420
48	12	5	10961.919	8030.289	12840.678
48	16	1	6.091	0.270	3.170
48	16	2	9.890	3.100	10.981
48	16	3	66.391	40.281	70.361
48	16	4	816.337	544.531	890.269
48	16	5	10390.518	7645.429	11854.527
48	24	1	5.710	0.270	3.150
48	24	2	10.020	3.030	10.360
48	24	3	71.752	43.321	78.741
48	24	4	813.786	538.652	943.619
48	24	5	10600.320	8354.485	12332.657
48	32	1	7.180	0.240	3.230
48	32	2	11.700	3.180	10.721
48	32	3	69.141	41.181	76.412
48	32	4	836.737	536.052	916.279
48	32	5	10958.559	8388.306	12082.862
48	48	1	6.570	0.260	3.180
48	48	2	10.971	3.310	10.880
48	48	3	76.982	41.081	84.021
48	48	4	849.218	526.781	910.339
48	48	5	11290.026	7991.646	12849.408
48	64	1	5.190	0.270	3.230
48	64	2	9.070	3.100	7.880
48	64	3	69.871	43.551	67.861
48	64	4	871.618	567.532	929.589
48	64	5	10821.066	8542.108	11601.423
48	96	1	9.821	0.250	3.120
48	96	2	11.020	3.220	13.140
48	96	3	82.711	40.481	87.522
48	96	4	879.809	536.291	929.029
48	96	5	12083.992	8232.752	13391.300
48	128	1	5.720	0.250	3.130
48	128	2	7.800	2.820	7.130
48	128	3	80.001	89.572	76.772
48	128	4	928.840	546.751	951.290
48	128	5	11813.597	8057.338	11747.256
48	192	1	6.171	0.250	1.790
48	192	2	7.160	2.790	5.590
48	192	3	86.582	41.911	78.032
48	192	4	934.850	559.101	863.818
48	192	5	13469.900	8389.476	12033.371
48	256	1	6.581	0.250	1.850
48	256	2	8.530	2.790	5.680
48	256	3	83.592	40.121	74.272
48	256	4	964.710	565.192	863.468
48	256	5	12492.131	7867.424	11387.879
48	384	1	6.910	0.230	2.130
48	384	2	8.900	2.910	6.100
48	384	3	88.882	40.881	78.052
48	384	4	960.540	555.922	876.478
48	384	5	13870.909	7930.456	12500.872
48	512	1	7.331	0.340	2.030
48	512	2	8.670	3.020	5.880
48	512	3	82.912	40.301	72.952
48	512	4	1019.951	570.052	896.008
48	512	5	13468.071	7685.740	12245.646
64	4	1	8.210	0.250	6.290
64	4	2	9.610	3.060	10.611
64	4	3	87.452	40.970	107.043
64	4	4	972.040	599.213	1209.085
64	4	5	11695.064	7355.583	14300.068
64	6	1	9.450	0.250	7.210
64	6	2	9.961	2.950	10.200
64	6	3	72.312	42.210	82.392
64	6	4	865.249	613.382	1032.732
64	6	5	10597.991	7528.797	12952.291
64	8	1	10.590	0.290	6.490
64	8	2	10.181	3.120	10.090
64	8	3	116.042	42.991	94.532
64	8	4	950.710	551.711	1195.605
64	8	5	11764.646	7567.117	13531.103
64	12	1	6.080	0.290	3.150
64	12	2	9.650	3.140	11.401
64	12	3	69.391	42.491	73.042
64	12	4	816.907	557.252	986.930
64	12	5	10574.860	7624.549	12970.440
64	16	1	6.401	0.280	3.370
64	16	2	10.570	3.120	10.950
64	16	3	73.061	40.291	71.031
64	16	4	761.336	537.341	886.118
64	16	5	9968.558	7424.655	11748.235
64	24	1	5.470	0.260	3.060
64	24	2	10.310	3.060	11.010
64	24	3	72.072	41.431	80.011
64	24	4	853.407	544.042	968.720
64	24	5	10922.398	7995.326	12122.874
64	32	1	5.690	0.250	3.181
64	32	2	11.210	3.150	11.240
64	32	3	66.171	40.231	78.091
64	32	4	801.326	528.021	949.810
64	32	5	10379.267	8092.040	11668.674
64	48	1	9.191	0.290	3.190
64	48	2	10.470	3.230	12.810
64	48	3	74.411	41.051	84.582
64	48	4	811.057	528.531	888.438
64	48	5	10695.123	7786.632	12424.590
64	64	1	6.281	0.260	3.080
64	64	2	7.980	3.120	7.440
64	64	3	68.982	40.261	68.891
64	64	4	860.298	565.372	937.670
64	64	5	10379.456	8164.521	11276.245
64	96	1	8.070	0.240	3.270
64	96	2	10.481	3.180	10.520
64	96	3	82.372	40.681	86.522
64	96	4	900.549	544.801	911.059
64	96	5	12046.312	7974.076	12809.318
64	128	1	5.820	0.240	3.320
64	128	2	8.171	2.800	7.120
64	128	3	76.262	41.250	75.472
64	128	4	880.268	600.963	934.000
64	128	5	11297.016	7722.361	11396.379
64	192	1	5.660	0.260	1.810
64	192	2	8.290	2.840	5.600
64	192	3	90.122	42.481	73.222
64	192	4	933.419	544.621	838.268
64	192	5	13228.446	7872.114	11805.116
64	256	1	6.031	0.260	1.820
64	256	2	8.390	2.790	5.670
64	256	3	80.732	40.151	71.181
64	256	4	952.650	542.721	873.778
64	256	5	12227.016	7792.213	11389.208
64	384	1	5.890	0.230	2.071
64	384	2	8.520	2.920	5.650
64	384	3	84.892	40.651	75.172
64	384	4	925.449	553.802	860.817
64	384	5	13188.716	7647.109	12016.441
64	512	1	6.030	0.260	1.930
64	512	2	8.711	2.920	5.740
64	512	3	80.722	39.090	72.222
64	512	4	981.921	590.872	888.088
64	512	5	12963.621	7448.785	11991.551
96	4	1	7.000	0.240	6.440
96	4	2	9.830	3.100	9.641
96	4	3	81.622	41.231	107.592
96	4	4	951.260	550.201	1294.317
96	4	5	11594.473	7527.768	14608.996
96	6	1	9.080	0.260	6.860
96	6	2	10.680	3.060	9.960
96	6	3	74.382	39.581	81.731
96	6	4	889.208	554.522	1041.191
96	6	5	10375.717	7131.349	12067.292
96	8	1	7.530	0.290	6.140
96	8	2	9.280	3.060	10.090
96	8	3	80.532	41.701	90.042
96	8	4	996.121	576.902	1194.185
96	8	5	11774.467	7363.203	13669.846
96	12	1	5.930	0.290	3.040
96	12	2	10.120	3.171	12.200
96	12	3	69.601	43.071	72.402
96	12	4	910.499	571.052	947.479
96	12	5	10411.918	7674.320	12419.479
96	16	1	9.460	0.250	3.040
96	16	2	9.430	3.210	10.450
96	16	3	61.662	38.710	69.082
96	16	4	768.626	556.122	890.608
96	16	5	10131.702	7572.479	11543.311
96	24	1	5.340	0.280	3.100
96	24	2	10.760	2.900	13.830
96	24	3	75.672	41.671	78.091
96	24	4	901.588	554.832	939.459
96	24	5	10598.472	7871.284	11916.259
96	32	1	6.420	0.250	3.190
96	32	2	11.090	3.190	10.270
96	32	3	64.781	41.011	73.491
96	32	4	797.186	536.201	934.540
96	32	5	10144.053	8092.548	11487.370
96	48	1	5.410	0.240	3.070
96	48	2	10.900	3.280	10.590
96	48	3	74.641	40.091	86.612
96	48	4	840.728	538.861	916.869
96	48	5	11105.463	7845.723	12497.592
96	64	1	6.720	0.281	3.050
96	64	2	10.700	3.220	11.310
96	64	3	73.211	40.551	70.851
96	64	4	880.168	563.432	925.459
96	64	5	10605.781	8172.071	11342.267
96	96	1	4.890	0.240	3.120
96	96	2	10.690	3.340	11.461
96	96	3	82.181	43.191	89.642
96	96	4	894.059	565.352	924.139
96	96	5	12089.543	8203.642	13215.427
96	128	1	5.861	0.240	3.280
96	128	2	8.740	2.720	7.060
96	128	3	77.262	45.561	72.052
96	128	4	910.829	550.601	918.869
96	128	5	11380.527	7967.236	11621.933
96	192	1	6.501	0.250	5.080
96	192	2	8.430	2.830	5.960
96	192	3	89.821	40.861	75.302
96	192	4	941.950	540.671	850.528
96	192	5	13421.181	8069.789	12013.471
96	256	1	6.280	0.250	1.830
96	256	2	8.400	2.770	5.591
96	256	3	82.391	39.071	71.162
96	256	4	1009.061	548.921	865.009
96	256	5	12258.365	7808.493	11249.586
96	384	1	6.180	0.230	2.160
96	384	2	8.690	2.911	5.880
96	384	3	85.162	40.151	74.751
96	384	4	941.630	591.142	856.068
96	384	5	13429.110	7773.572	12197.306
96	512	1	6.020	0.280	1.910
96	512	2	8.701	2.930	5.780
96	512	3	80.682	39.610	71.402
96	512	4	994.431	556.231	880.299
96	512	5	13182.936	7393.094	12022.561
128	4	1	7.710	0.270	7.140
128	4	2	9.221	3.030	10.120
128	4	3	84.122	41.501	105.762
128	4	4	941.700	550.081	1183.755
128	4	5	10867.327	6688.949	13532.893
128	6	1	11.990	0.270	6.700
128	6	2	9.290	3.161	10.480
128	6	3	71.191	41.371	79.452
128	6	4	890.889	566.112	1030.401
128	6	5	10663.603	7213.250	12202.364
128	8	1	7.610	0.320	9.150
128	8	2	9.821	3.140	10.000
128	8	3	75.632	43.661	89.721
128	8	4	932.799	555.832	1224.155
128	8	5	10570.262	7269.711	13053.213
128	12	1	5.580	0.270	3.180
128	12	2	9.590	3.020	10.611
128	12	3	71.091	39.071	70.482
128	12	4	859.478	550.691	944.670
128	12	5	10415.308	7467.256	12111.572
128	16	1	5.970	0.260	3.180
128	16	2	9.800	3.300	11.020
128	16	3	61.951	41.191	69.781
128	16	4	763.047	535.381	865.928
128	16	5	10261.005	7234.361	11259.194
128	24	1	5.270	0.270	3.281
128	24	2	10.910	3.070	10.930
128	24	3	70.971	39.901	77.962
128	24	4	847.208	535.101	963.870
128	24	5	10611.071	7933.086	11977.369
128	32	1	5.660	0.290	3.110
128	32	2	10.511	3.260	10.200
128	32	3	66.111	41.601	75.042
128	32	4	801.207	540.211	944.720
128	32	5	10037.499	8176.681	11403.308
128	48	1	6.470	0.280	3.190
128	48	2	10.491	3.320	10.710
128	48	3	73.632	41.830	81.792
128	48	4	793.207	555.942	891.818
128	48	5	10650.612	8007.007	12431.410
128	64	1	5.930	0.280	3.160
128	64	2	10.760	3.090	11.370
128	64	3	72.082	40.011	70.831
128	64	4	854.708	546.692	919.699
128	64	5	10413.527	7973.126	11154.094
128	96	1	5.370	0.270	3.000
128	96	2	10.460	3.130	10.540
128	96	3	83.482	41.001	85.992
128	96	4	878.258	530.471	888.329
128	96	5	11980.110	8193.841	12870.830
128	128	1	5.780	0.240	3.630
128	128	2	7.820	6.840	7.320
128	128	3	77.552	40.951	71.591
128	128	4	894.528	533.251	902.429
128	128	5	11688.305	7805.903	11374.407
128	192	1	6.230	0.260	2.001
128	192	2	8.300	2.980	5.650
128	192	3	91.012	41.611	73.802
128	192	4	972.380	543.332	841.917
128	192	5	13303.059	8338.873	11754.455
128	256	1	6.370	0.250	1.890
128	256	2	8.380	2.960	5.531
128	256	3	82.911	40.211	70.332
128	256	4	1021.812	547.111	859.138
128	256	5	12180.835	7720.602	11161.014
128	384	1	9.070	0.240	1.910
128	384	2	8.701	2.910	5.820
128	384	3	84.402	40.731	75.341
128	384	4	927.670	553.761	830.338
128	384	5	13006.021	7819.823	11814.257
128	512	1	6.230	0.240	2.020
128	512	2	8.820	2.850	5.920
128	512	3	80.901	39.551	71.922
128	512	4	996.511	566.171	877.399
128	512	5	12887.118	7427.275	11821.357
192	4	1	8.180	0.270	8.291
192	4	2	9.760	3.110	9.330
192	4	3	85.302	42.221	97.562
192	4	4	992.211	569.292	1230.736
192	4	5	11180.054	6786.901	13531.522
192	6	1	9.230	0.300	6.290
192	6	2	9.770	3.240	8.731
192	6	3	72.621	43.811	80.682
192	6	4	856.518	592.793	1128.343
192	6	5	9772.425	7261.741	11743.846
192	8	1	9.390	0.300	5.350
192	8	2	10.441	3.180	8.740
192	8	3	79.082	40.371	89.011
192	8	4	985.300	583.142	1161.955
192	8	5	11388.669	7121.078	12987.962
192	12	1	6.070	0.280	3.220
192	12	2	9.840	2.980	9.520
192	12	3	69.611	39.491	71.302
192	12	4	831.757	550.661	1102.454
192	12	5	10485.788	7464.926	12193.885
192	16	1	6.140	0.300	2.990
192	16	2	10.000	3.210	9.780
192	16	3	63.881	39.741	69.501
192	16	4	785.516	557.861	904.409
192	16	5	10051.311	7711.171	11574.592
192	24	1	5.370	0.240	3.100
192	24	2	10.881	3.050	9.360
192	24	3	69.252	40.600	78.032
192	24	4	806.167	532.011	940.550
192	24	5	10554.440	7936.396	11964.319
192	32	1	5.170	0.260	2.850
192	32	2	11.551	3.130	9.140
192	32	3	70.282	40.350	75.682
192	32	4	833.638	537.581	909.439
192	32	5	10522.789	8217.173	11871.728
192	48	1	5.640	0.250	3.520
192	48	2	11.060	3.261	9.400
192	48	3	76.322	40.240	83.002
192	48	4	812.327	525.571	893.099
192	48	5	11204.774	7630.810	12574.143
192	64	1	5.741	0.250	3.320
192	64	2	11.740	3.210	9.220
192	64	3	71.131	38.971	69.471
192	64	4	847.067	542.131	924.060
192	64	5	10620.672	8128.311	11490.789
192	96	1	6.500	0.250	3.280
192	96	2	11.831	3.130	9.310
192	96	3	81.612	40.811	86.411
192	96	4	835.527	523.261	905.408
192	96	5	11744.436	8093.729	13109.114
192	128	1	8.840	0.240	3.290
192	128	2	8.860	2.850	7.120
192	128	3	81.862	41.071	76.361
192	128	4	908.329	531.281	941.229
192	128	5	11547.571	8154.541	11635.073
192	192	1	7.440	0.230	1.850
192	192	2	8.310	2.790	5.720
192	192	3	93.592	41.451	73.162
192	192	4	952.940	539.381	850.818
192	192	5	13462.701	8323.293	11979.711
192	256	1	6.381	0.240	1.790
192	256	2	8.500	2.750	5.820
192	256	3	82.362	39.001	72.182
192	256	4	959.420	543.611	869.508
192	256	5	12399.239	7724.131	11391.478
192	384	1	6.090	0.250	2.040
192	384	2	8.720	2.860	5.751
192	384	3	85.482	40.520	73.812
192	384	4	932.940	550.191	855.498
192	384	5	13226.757	7821.313	12106.723
192	512	1	6.571	0.280	2.090
192	512	2	9.480	2.880	5.740
192	512	3	81.522	39.701	71.091
192	512	4	997.721	596.392	896.299
192	512	5	12924.810	7577.218	12123.184
256	4	1	8.811	0.260	5.200
256	4	2	9.880	3.060	9.250
256	4	3	86.431	41.491	97.982
256	4	4	950.559	559.792	1173.444
256	4	5	10636.582	6551.356	13091.844
256	6	1	8.180	0.270	5.570
256	6	2	10.220	3.100	8.611
256	6	3	66.351	38.561	74.051
256	6	4	849.627	566.372	1012.051
256	6	5	9712.174	6887.403	11890.549
256	8	1	8.701	0.290	5.240
256	8	2	10.470	3.150	9.080
256	8	3	75.051	41.271	86.222
256	8	4	933.010	553.351	1135.484
256	8	5	11081.052	6931.025	12990.001
256	12	1	6.171	0.300	3.240
256	12	2	10.670	3.120	9.480
256	12	3	68.501	40.461	71.181
256	12	4	817.557	577.222	947.910
256	12	5	10641.003	7511.336	12068.362
256	16	1	5.320	0.240	3.090
256	16	2	10.710	3.071	9.670
256	16	3	63.851	38.631	67.921
256	16	4	757.225	525.021	861.088
256	16	5	10160.133	7340.803	11300.705
256	24	1	6.260	3.200	3.220
256	24	2	11.321	3.120	9.270
256	24	3	73.042	39.830	75.292
256	24	4	831.528	548.561	917.089
256	24	5	10853.287	7944.065	11824.838
256	32	1	6.230	0.280	3.110
256	32	2	10.640	3.160	9.501
256	32	3	67.751	42.661	74.042
256	32	4	787.606	531.201	933.980
256	32	5	10146.202	7918.635	11436.448
256	48	1	9.630	0.250	3.060
256	48	2	11.070	3.250	9.221
256	48	3	80.211	40.451	81.592
256	48	4	767.656	504.711	878.148
256	48	5	10725.484	7721.381	12244.655
256	64	1	5.830	0.240	3.160
256	64	2	10.710	3.230	9.321
256	64	3	72.591	40.791	68.922
256	64	4	859.018	520.760	893.739
256	64	5	10357.656	7740.112	11146.402
256	96	1	5.900	0.240	3.120
256	96	2	10.740	3.170	9.071
256	96	3	82.382	44.530	86.122
256	96	4	859.248	532.931	905.259
256	96	5	11931.328	8035.878	12903.699
256	128	1	5.730	0.250	3.230
256	128	2	8.231	2.910	7.340
256	128	3	77.772	40.981	78.671
256	128	4	868.089	534.291	921.959
256	128	5	11006.090	7678.921	11308.405
256	192	1	6.060	0.260	1.790
256	192	2	8.270	2.890	5.791
256	192	3	92.172	41.921	74.651
256	192	4	926.570	532.981	836.897
256	192	5	13030.853	7974.986	11818.197
256	256	1	5.950	0.250	1.830
256	256	2	8.261	3.000	5.710
256	256	3	80.212	40.430	70.822
256	256	4	950.150	548.031	858.218
256	256	5	11952.560	7657.959	11011.320
256	384	1	5.910	0.240	1.980
256	384	2	8.480	2.950	5.890
256	384	3	83.682	40.051	74.331
256	384	4	920.370	552.401	849.988
256	384	5	12625.094	7828.074	11851.607
256	512	1	6.160	0.230	1.900
256	512	2	8.671	2.830	5.900
256	512	3	80.432	40.720	72.232
256	512	4	983.711	553.271	886.919
256	512	5	12502.792	7171.549	11767.565
384	4	1	9.340	0.290	5.650
384	4	2	10.481	3.270	9.110
384	4	3	78.802	41.101	94.802
384	4	4	960.290	616.113	1171.384
384	4	5	10917.408	7070.387	13371.100
384	6	1	9.851	0.290	5.520
384	6	2	10.090	3.140	8.660
384	6	3	68.701	40.751	71.941
384	6	4	884.199	567.532	1010.561
384	6	5	10768.065	7317.712	11723.336
384	8	1	10.280	0.320	5.500
384	8	2	10.150	3.011	8.800
384	8	3	76.702	39.030	84.582
384	8	4	929.970	542.901	1131.203
384	8	5	10782.185	7251.822	13205.136
384	12	1	5.970	0.250	3.300
384	12	2	10.881	2.980	10.280
384	12	3	66.591	39.561	72.802
384	12	4	825.687	540.481	959.760
384	12	5	10453.418	7556.838	12468.030
384	16	1	5.520	0.270	3.090
384	16	2	11.510	3.041	9.550
384	16	3	64.691	38.301	69.942
384	16	4	792.616	522.691	865.018
384	16	5	10527.439	7799.193	11188.004
384	24	1	9.240	0.230	3.560
384	24	2	10.950	2.860	9.601
384	24	3	73.081	39.621	78.722
384	24	4	802.017	532.431	936.520
384	24	5	10554.381	7858.014	12047.332
384	32	1	5.871	0.280	3.220
384	32	2	11.430	3.320	9.460
384	32	3	69.421	40.771	75.661
384	32	4	768.116	542.241	888.989
384	32	5	10011.079	8308.613	11388.897
384	48	1	5.450	0.270	3.390
384	48	2	12.690	3.181	9.670
384	48	3	74.832	41.250	82.432
384	48	4	782.597	516.390	872.619
384	48	5	10550.021	7989.606	12171.404
384	64	1	6.511	0.290	3.220
384	64	2	11.290	3.110	12.200
384	64	3	72.481	40.551	72.831
384	64	4	847.998	552.871	914.079
384	64	5	10375.707	8266.792	11199.674
384	96	1	5.890	0.290	3.200
384	96	2	12.260	3.170	9.431
384	96	3	83.512	41.110	87.402
384	96	4	863.349	531.361	911.289
384	96	5	11829.367	8130.709	12691.506
384	128	1	5.650	0.270	3.160
384	128	2	8.460	2.931	7.260
384	128	3	81.572	40.980	75.942
384	128	4	953.180	541.162	933.109
384	128	5	11470.949	7914.226	11329.787
384	192	1	5.440	0.260	1.920
384	192	2	8.880	3.021	5.960
384	192	3	92.342	42.381	75.661
384	192	4	989.101	549.801	843.258
384	192	5	13246.877	8021.188	11655.113
384	256	1	5.550	0.270	1.870
384	256	2	8.040	2.951	5.680
384	256	3	83.342	39.970	70.192
384	256	4	966.340	560.012	935.120
384	256	5	12177.645	7901.014	11017.511
384	384	1	5.520	0.250	1.960
384	384	2	8.760	2.890	5.720
384	384	3	86.922	40.111	74.772
384	384	4	935.129	546.571	851.808
384	384	5	12928.520	7770.002	11735.546
384	512	1	6.220	0.250	1.920
384	512	2	8.731	2.830	5.930
384	512	3	81.592	40.681	70.101
384	512	4	1001.901	563.782	881.718
384	512	5	12769.678	7142.429	11800.986
512	4	1	10.220	0.260	5.481
512	4	2	10.930	3.060	9.210
512	4	3	82.952	40.651	95.582
512	4	4	985.881	579.982	1189.855
512	4	5	11299.087	6712.369	12981.432
512	6	1	8.801	0.250	5.400
512	6	2	10.910	3.110	9.820
512	6	3	67.551	38.871	75.571
512	6	4	868.168	550.271	1102.663
512	6	5	10131.271	7131.409	11818.308
512	8	1	8.721	0.280	5.270
512	8	2	10.790	3.080	8.780
512	8	3	73.431	40.941	85.052
512	8	4	914.159	548.532	1109.303
512	8	5	10651.692	7379.334	12900.270
512	12	1	6.451	0.250	3.200
512	12	2	10.950	3.040	9.560
512	12	3	70.421	38.801	75.022
512	12	4	820.197	531.421	951.320
512	12	5	10713.573	7469.486	12051.481
512	16	1	6.660	0.270	3.310
512	16	2	11.291	2.970	9.770
512	16	3	64.592	38.070	68.872
512	16	4	763.686	520.451	889.188
512	16	5	10252.273	7385.724	11265.686
512	24	1	5.840	0.260	3.271
512	24	2	10.510	3.030	9.700
512	24	3	72.672	41.421	77.802
512	24	4	809.227	554.881	910.959
512	24	5	10638.513	8061.918	11845.418
512	32	1	5.990	0.250	3.390
512	32	2	11.571	3.150	9.560
512	32	3	67.382	40.770	73.932
512	32	4	745.986	519.041	862.468
512	32	5	9975.549	7948.186	11274.716
512	48	1	5.970	0.250	3.570
512	48	2	11.691	3.170	9.930
512	48	3	73.612	43.751	79.461
512	48	4	816.056	561.982	871.658
512	48	5	10580.610	7795.713	12151.354
512	64	1	6.010	0.240	3.260
512	64	2	11.441	3.290	10.310
512	64	3	72.912	40.010	69.782
512	64	4	816.077	521.331	904.339
512	64	5	10111.852	7752.671	10965.979
512	96	1	5.630	0.240	3.230
512	96	2	11.460	3.210	9.560
512	96	3	85.532	42.201	86.502
512	96	4	870.528	537.751	894.849
512	96	5	11565.882	7946.866	12691.115
512	128	1	5.650	0.240	3.590
512	128	2	8.150	2.780	7.490
512	128	3	80.692	41.351	74.781
512	128	4	883.239	528.621	918.549
512	128	5	11123.973	7560.838	11059.261
512	192	1	5.720	0.240	1.820
512	192	2	8.300	2.840	5.750
512	192	3	94.032	41.350	74.152
512	192	4	939.350	621.263	831.467
512	192	5	12833.249	7897.785	11565.571
512	256	1	6.520	0.240	1.840
512	256	2	8.511	2.900	5.690
512	256	3	83.452	39.871	68.411
512	256	4	974.770	550.032	849.558
512	256	5	11838.458	7441.845	10728.975
512	384	1	5.790	0.270	1.910
512	384	2	8.970	2.950	5.911
512	384	3	86.632	39.670	72.592
512	384	4	936.990	544.881	829.577
512	384	5	12844.647	7563.999	11551.092
512	512	1	5.750	0.220	1.891
512	512	2	8.670	2.830	5.930
512	512	3	82.002	39.321	70.381
512	512	4	1000.250	562.202	885.788
512	512	5	12565.473	7258.181	11756.815
1136351126415
